{
  "Ansi 0 Color" : {
    "Green Component" : 0.08235294371843338,
    "Blue Component" : 0.08235294371843338,
    "Red Component" : 0.08235294371843338
  },
  "Ansi 15 Color (Dark)" : {
    "Red Component" : 0.99999994039535522,
    "Color Space" : "P3",
    "Blue Component" : 1,
    "Alpha Component" : 1,
    "Green Component" : 1
  },
  "Foreground Color (Dark)" : {
    "Red Component" : 0.83137254901960789,
    "Color Space" : "P3",
    "Blue Component" : 0.59607843137254901,
    "Alpha Component" : 1,
    "Green Component" : 0.74509803921568629
  },
  "Cursor Text Color" : {
    "Green Component" : 0.08235294371843338,
    "Blue Component" : 0.08235294371843338,
    "Red Component" : 0.08235294371843338
  },
  "Prompt Before Closing 2" : false,
  "Ansi 3 Color (Dark)" : {
    "Red Component" : 0.93333333730697632,
    "Color Space" : "P3",
    "Blue Component" : 0.45882353186607361,
    "Alpha Component" : 1,
    "Green Component" : 0.81176471710205078
  },
  "Ansi 12 Color (Dark)" : {
    "Red Component" : 0.17254901960784313,
    "Color Space" : "P3",
    "Blue Component" : 1,
    "Alpha Component" : 1,
    "Green Component" : 0.52549019607843139
  },
  "Underline Color (Light)" : {
    "Red Component" : 0.59032207727432251,
    "Color Space" : "P3",
    "Blue Component" : 0.97009807825088501,
    "Alpha Component" : 1,
    "Green Component" : 0.78527575731277466
  },
  "Mouse Reporting" : true,
  "Use Underline Color (Light)" : false,
  "Disable Window Resizing" : true,
  "BM Growl" : true,
  "Background Color (Dark)" : {
    "Red Component" : 0.11372549019607843,
    "Color Space" : "P3",
    "Blue Component" : 0.12941176470588237,
    "Alpha Component" : 1,
    "Green Component" : 0.12549019607843137
  },
  "Guid" : "43A1B6E4-B2CA-4A8A-93E2-28A535913437",
  "Cursor Color (Dark)" : {
    "Red Component" : 1,
    "Color Space" : "P3",
    "Blue Component" : 1,
    "Alpha Component" : 1,
    "Green Component" : 1
  },
  "Selection Color (Dark)" : {
    "Red Component" : 0.16933262348175049,
    "Color Space" : "P3",
    "Blue Component" : 0.24872633814811707,
    "Alpha Component" : 1,
    "Green Component" : 0.17241841554641724
  },
  "Only The Default BG Color Uses Transparency" : false,
  "Scrollback Lines" : 0,
  "Badge Color (Dark)" : {
    "Red Component" : 0.5202186107635498,
    "Color Space" : "P3",
    "Blue Component" : 0.46984851360321045,
    "Alpha Component" : 0.34844970703125,
    "Green Component" : 0.78935843706130981
  },
  "Ansi 0 Color (Dark)" : {
    "Red Component" : 0.078431372549019607,
    "Color Space" : "P3",
    "Blue Component" : 0.090196078431372548,
    "Alpha Component" : 1,
    "Green Component" : 0.086274509803921567
  },
  "Transparency" : 0.016322544642857144,
  "Tab Color (Dark)" : {
    "Red Component" : 0.99607843137254903,
    "Color Space" : "P3",
    "Blue Component" : 0.43137254901960786,
    "Alpha Component" : 1,
    "Green Component" : 0.61568627450980395
  },
  "Use Bright Bold" : true,
  "Horizontal Spacing" : 1,
  "Ansi 13 Color (Light)" : {
    "Green Component" : 0.30697798580000002,
    "Blue Component" : 0.5234466981,
    "Red Component" : 0.62333851809999996
  },
  "Blur" : true,
  "Ansi 13 Color" : {
    "Green Component" : 0.30697798580000002,
    "Blue Component" : 0.5234466981,
    "Red Component" : 0.62333851809999996
  },
  "Ansi 2 Color (Dark)" : {
    "Red Component" : 0.75686275959014893,
    "Color Space" : "P3",
    "Blue Component" : 0.25490197539329529,
    "Alpha Component" : 1,
    "Green Component" : 0.81568628549575806
  },
  "Cursor Color" : {
    "Green Component" : 0.81568628549575806,
    "Blue Component" : 0.81568628549575806,
    "Red Component" : 0.81568628549575806
  },
  "Use Cursor Guide (Light)" : false,
  "Option Key Sends" : 2,
  "Idle Code" : 0,
  "Ansi 13 Color (Dark)" : {
    "Red Component" : 0.99215686274509807,
    "Color Space" : "P3",
    "Blue Component" : 0.75686274509803919,
    "Alpha Component" : 1,
    "Green Component" : 0.60784313725490191
  },
  "Send Code When Idle" : false,
  "Selection Color" : {
    "Green Component" : 0.18823529779911041,
    "Blue Component" : 0.18823529779911041,
    "Red Component" : 0.18823529779911041
  },
  "Terminal Type" : "xterm-256color",
  "Cursor Boost (Dark)" : 0,
  "Right Option Key Sends" : 0,
  "Background Color" : {
    "Green Component" : 0.1283406391402715,
    "Blue Component" : 0.1283406391402715,
    "Red Component" : 0.1283406391402715
  },
  "Underline Color" : {
    "Red Component" : 0.59032207727432251,
    "Color Space" : "P3",
    "Blue Component" : 0.97009807825088501,
    "Alpha Component" : 1,
    "Green Component" : 0.78527575731277466
  },
  "Tab Color" : {
    "Red Component" : 0.99607843160629272,
    "Color Space" : "P3",
    "Blue Component" : 0.43137255311012268,
    "Alpha Component" : 1,
    "Green Component" : 0.61568629741668701
  },
  "Ansi 10 Color (Dark)" : {
    "Red Component" : 0.75686275959014893,
    "Color Space" : "P3",
    "Blue Component" : 0.25490197539329529,
    "Alpha Component" : 1,
    "Green Component" : 0.81568628549575806
  },
  "Ansi 10 Color" : {
    "Green Component" : 0.55576569570135748,
    "Blue Component" : 0.31444666754949363,
    "Red Component" : 0.49473804391474724
  },
  "Vertical Spacing" : 1.1000000000000001,
  "Use Tab Color (Light)" : false,
  "Cursor Type" : 1,
  "Columns" : 80,
  "Ansi 2 Color (Light)" : {
    "Green Component" : 0.55576569570000001,
    "Blue Component" : 0.3144466675,
    "Red Component" : 0.49473804389999998
  },
  "Screen" : -1,
  "Cursor Text Color (Dark)" : {
    "Red Component" : 0,
    "Color Space" : "P3",
    "Blue Component" : 0,
    "Alpha Component" : 1,
    "Green Component" : 0
  },
  "Description" : "Default",
  "Unlimited Scrollback" : true,
  "Use Italic Font" : true,
  "Working Directory" : "\/Users\/jianl",
  "Selected Text Color (Dark)" : {
    "Red Component" : 0.48457974195480347,
    "Color Space" : "P3",
    "Blue Component" : 0.43973729014396667,
    "Alpha Component" : 1,
    "Green Component" : 0.98566752672195435
  },
  "Use Cursor Guide (Dark)" : false,
  "Visual Bell" : true,
  "Link Color (Light)" : {
    "Red Component" : 0.14513972401618958,
    "Color Space" : "P3",
    "Blue Component" : 0.7093239426612854,
    "Alpha Component" : 1,
    "Green Component" : 0.35333043336868286
  },
  "Ansi 1 Color (Dark)" : {
    "Red Component" : 0.91764705882352937,
    "Color Space" : "P3",
    "Blue Component" : 0.14901960784313725,
    "Alpha Component" : 1,
    "Green Component" : 0.41176470588235292
  },
  "Default Bookmark" : "No",
  "Ansi 14 Color (Light)" : {
    "Green Component" : 0.83853216239999995,
    "Blue Component" : 0.8118151991,
    "Red Component" : 0.49031879989999999
  },
  "Ansi 7 Color (Light)" : {
    "Green Component" : 0.81568628549575806,
    "Blue Component" : 0.81568628549575806,
    "Red Component" : 0.81568628549575806
  },
  "Ansi 3 Color (Light)" : {
    "Green Component" : 0.70980392156862748,
    "Blue Component" : 0.40392156862745099,
    "Red Component" : 0.89803921568627454
  },
  "Ansi 9 Color (Dark)" : {
    "Red Component" : 0.82745098039215681,
    "Color Space" : "P3",
    "Blue Component" : 0.23137254901960785,
    "Alpha Component" : 1,
    "Green Component" : 0.3411764705882353
  },
  "Badge Color (Light)" : {
    "Red Component" : 0.92929404973983765,
    "Color Space" : "P3",
    "Blue Component" : 0.13960540294647217,
    "Alpha Component" : 0.5,
    "Green Component" : 0.25479039549827576
  },
  "Ansi 14 Color (Dark)" : {
    "Red Component" : 0.5725490196078431,
    "Color Space" : "P3",
    "Blue Component" : 0.87450980392156863,
    "Alpha Component" : 1,
    "Green Component" : 0.6470588235294118
  },
  "Tags" : [

  ],
  "Link Color (Dark)" : {
    "Red Component" : 0.17254901960784313,
    "Color Space" : "P3",
    "Blue Component" : 1,
    "Alpha Component" : 1,
    "Green Component" : 0.52549019607843139
  },
  "Custom Command" : "No",